-- Show data from the salesman_id and city columns
SELECT salesman_id, salesman_city FROM salesman;

-- Show data of salesman from Paris
SELECT * FROM salesman WHERE salesman_city='Paris';

-- Show salesman_id and commission of Paul Adam
SELECT salesman_id, commission FROM salesman WHERE salesman_name='Paul Adam';

output:
SALESMAN_ID	SALESMAN_CITY
5002	Paris
5005	London
5006	Paris
5007	Rome
5003	San Jose
Download CSV
5 rows selected.

Result Set 3
SALESMAN_ID	SALESMAN_NAME	SALESMAN_CITY	COMMISSION
5002	Nail Knite	Paris	13
5006	McLyon	Paris	14
Download CSV
2 rows selected.

Result Set 4
SALESMAN_ID	COMMISSION
5007	13
Download CSV